DROP DATABASE IF EXISTS yonunca;
CREATE DATABASE yonunca;

USE yonunca;

CREATE TABLE Jugador(
    Id INT PRIMARY KEY NOT NULL,
    Nombre VARCHAR(20),
    Pass VARCHAR(20)
)ENGINE = InnoDB;

CREATE TABLE Preguntas(
    Id INT PRIMARY KEY NOT NULL,
    Pregunta VARCHAR(100)
)ENGINE = InnoDB;

CREATE TABLE Partida(
    Id INT PRIMARY KEY NOT NULL,
    Ganador VARCHAR(20),
    Fecha VARCHAR(20)
)ENGINE = InnoDB;

CREATE TABLE Relacion(
    IdJugador INT,
    FOREIGN KEY(IdJugador) REFERENCES Jugador(Id),
    IdPartida INT,
    FOREIGN KEY(IdPartida) REFERENCES Partida(Id),
)ENGINE = InnoDB;


INSERT INTO Partida (Id, Ganador, Fecha) VALUES (1,'Cesar','2020-10-06');
INSERT INTO Partida (Id, Ganador, Fecha) VALUES (2,'Max','2021-06-13');

INSERT INTO Jugador (Id,Nombre,Pass) VALUES (1,'Cesar','ALONSO');
INSERT INTO Jugador (Id,Nombre,Pass) VALUES (2,'Max','Manzana');
INSERT INTO Jugador (Id,Nombre,Pass) VALUES (3,'Charly','12321');
INSERT INTO Jugador (Id,Nombre,Pass) VALUES (4,'Oscar','mimara');


INSERT INTO Relacion (IdJugador, IdPartIda, ResponderSi) VALUES (1,1,4);
INSERT INTO Relacion (IdJugador, IdPartIda, ResponderSi) VALUES (2,1,9);
INSERT INTO Relacion (IdJugador, IdPartIda, ResponderSi) VALUES (3,1,5);
INSERT INTO Relacion (IdJugador, IdPartIda, ResponderSi) VALUES (4,1,5);
INSERT INTO Relacion (IdJugador, IdPartIda, ResponderSi) VALUES (1,2,2);
INSERT INTO Relacion (IdJugador, IdPartIda, ResponderSi) VALUES (3,2,8);
INSERT INTO Relacion (IdJugador, IdPartIda, ResponderSi) VALUES (4,2,5);

INSERT INTO Preguntas (Id, Pregunta) VALUES (1,'Yonuncahedichoquemegustabamuchounregaloyluegolohedevuelto');
INSERT INTO Preguntas (Id, Pregunta) VALUES (2,'Yonuncaheidborrachoaclase');
INSERT INTO Preguntas (Id, Pregunta) VALUES (3,'Yonuncaherobadoenunatienda');
INSERT INTO Preguntas (Id, Pregunta) VALUES (4,'Yonuncaheganadounapartidaalfortnite');